district_name,state_name,women_bmi_below_normal,women_overweight,anaemia_children,anaemia_women,women_high_blood_sugar,men_high_blood_sugar,women_elevated_bp,men_elevated_bp,tobacco_women,tobacco_men
Nicobars,Andaman & Nicobar Islands,8.2,39.1,37.7,38.4,7.4,9.6,35.4,47.0,63.5,76.8
North & Middle Andaman,Andaman & Nicobar Islands,8.6,35.9,30.4,62.5,7.2,9.1,27.4,32.2,46.8,70.5
South Andaman,Andaman & Nicobar Islands,10.0,39.0,43.4,57.6,7.5,9.3,23.0,26.9,19.6,50.8
Srikakulam,Andhra Pradesh,13.8,27.2,59.6,62.8,8.2,6.8,22.1,22.9,7.1,21.3
Vizianagaram,Andhra Pradesh,16.9,28.8,66.7,64.6,6.2,5.8,25.2,25.1,11.4,21.5
Visakhapatnam,Andhra Pradesh,17.4,23.8,72.6,58.6,6.1,7.3,23.9,29.2,6.3,22.8
East Godavari,Andhra Pradesh,10.2,44.4,66.8,63.2,7.5,9.2,29.0,32.2,3.2,25.5
West Godavari,Andhra Pradesh,10.1,45.3,62.3,63.1,7.3,7.2,28.8,31.4,2.2,21.8
Krishna,Andhra Pradesh,10.5,40.6,65.7,60.4,7.9,8.5,24.0,28.5,1.4,21.3
Guntur,Andhra Pradesh,9.6,46.4,59.3,59.8,7.8,10.7,25.8,31.3,1.6,25.4
Prakasam,Andhra Pradesh,14.4,39.5,62.6,60.6,7.9,11.8,27.8,33.0,2.2,28.2
Sri Potti Sriramulu Nello,Andhra Pradesh,15.2,39.5,67.5,59.6,8.2,7.2,23.0,25.1,4.4,26.5
Y.S.R.,Andhra Pradesh,15.9,33.9,60.6,56.1,8.4,9.9,23.2,27.3,3.1,18.0
Kurnool,Andhra Pradesh,20.6,29.0,70.8,58.3,6.9,9.2,27.0,31.8,2.1,19.9
Anantapur,Andhra Pradesh,21.9,29.3,55.8,50.3,5.4,7.5,23.4,26.7,5.0,20.5
Chittoor,Andhra Pradesh,20.1,33.4,54.9,51.8,6.9,7.2,22.7,27.1,4.3,18.7
Tawang,Arunachal Pradesh,1.2,35.4,89.6,59.2,3.1,5.5,30.3,36.4,5.1,24.0
West Kameng,Arunachal Pradesh,1.9,25.7,66.6,38.4,3.6,8.0,19.8,30.7,13.9,38.7
East Kameng,Arunachal Pradesh,4.8,19.6,51.7,26.9,4.3,6.7,19.5,29.0,24.9,48.2
Papum Pare,Arunachal Pradesh,5.3,31.1,53.4,39.4,4.8,5.3,20.6,32.7,16.1,43.7
Upper Subansiri,Arunachal Pradesh,2.8,25.0,60.4,36.6,3.6,5.3,25.4,37.5,19.8,55.3
Upper Siang,Arunachal Pradesh,2.4,27.3,51.0,29.4,4.0,5.7,26.1,31.7,21.3,59.2
Changlang,Arunachal Pradesh,10.5,17.1,65.3,57.1,5.6,8.2,22.8,27.5,21.9,59.9
Lower Subansiri,Arunachal Pradesh,4.3,23.2,52.4,41.1,4.9,8.3,25.7,36.6,18.0,46.7
Dibang Valley,Arunachal Pradesh,3.8,21.7,88.6,64.3,3.5,5.5,32.2,45.4,20.3,55.4
Lower Dibang Valley,Arunachal Pradesh,4.1,16.8,51.5,35.3,4.6,7.1,25.6,38.1,20.6,52.1
Anjaw,Arunachal Pradesh,2.4,22.8,57.1,36.9,4.0,7.4,31.1,42.6,22.1,66.1
East Siang,Arunachal Pradesh,6.8,27.9,51.5,35.3,5.6,7.8,29.7,38.1,24.7,51.3
Kra Daadi,Arunachal Pradesh,2.0,29.8,62.0,24.3,2.7,5.2,19.4,26.1,9.9,25.0
Kurung Kumey,Arunachal Pradesh,2.7,23.3,62.4,35.5,4.1,7.0,19.2,26.0,16.4,39.4
Lohit,Arunachal Pradesh,8.0,30.9,52.5,47.6,4.0,3.2,22.1,26.6,17.8,53.0
Longding,Arunachal Pradesh,4.0,13.7,38.4,35.0,5.3,7.3,20.5,31.1,16.0,56.1
Namsai,Arunachal Pradesh,12.8,18.0,59.2,58.8,5.6,6.6,27.1,28.1,25.3,68.8
Siang,Arunachal Pradesh,6.5,15.8,24.9,24.4,5.2,4.3,24.4,31.5,19.6,55.5
Tirap,Arunachal Pradesh,5.5,28.3,48.4,32.4,4.6,5.6,25.2,31.6,12.7,44.8
West Siang,Arunachal Pradesh,4.4,27.4,45.6,31.2,4.9,7.7,32.7,41.1,16.9,44.3
Kokrajhar,Assam,10.6,13.7,74.7,59.5,5.9,8.1,17.8,19.4,25.7,55.5
Goalpara,Assam,12.2,15.3,60.7,65.5,6.0,7.7,16.8,17.9,15.6,52.0
Barpeta,Assam,14.6,16.6,63.5,65.6,8.1,10.2,17.9,16.7,14.3,46.4
Morigaon,Assam,15.0,14.2,53.3,64.9,5.5,8.1,20.1,20.5,29.9,56.9
Lakhimpur,Assam,17.3,12.4,69.3,66.3,5.0,5.1,20.8,25.0,27.2,55.8
Dhemaji,Assam,12.1,15.6,73.1,62.9,4.9,9.2,16.0,24.1,26.2,62.7
Tinsukia,Assam,17.6,16.9,66.4,72.9,8.9,10.8,17.1,19.3,23.1,51.1
Dibrugarh,Assam,20.3,20.9,66.4,72.0,7.9,9.1,18.1,21.4,27.9,57.7
Golaghat,Assam,25.1,16.0,75.1,77.2,6.4,6.7,20.5,22.0,21.6,52.0
Dima Hasao,Assam,10.0,16.2,73.1,61.1,5.6,8.7,17.1,23.5,21.3,55.2
Cachar,Assam,19.7,9.1,61.8,58.2,6.4,7.3,17.0,15.4,33.2,51.0
Karimganj,Assam,17.8,6.6,64.1,52.5,6.3,8.5,16.5,17.2,43.0,54.2
Hailakandi,Assam,25.7,10.9,59.5,61.5,7.1,9.0,21.8,24.4,45.1,58.3
Bongaigaon,Assam,13.1,16.9,77.2,71.4,7.6,8.5,13.6,15.9,18.8,45.7
Chirang,Assam,17.2,13.3,70.4,65.7,5.7,8.9,20.8,25.6,18.6,55.1
Kamrup,Assam,12.9,23.5,72.9,71.7,7.1,9.3,22.2,19.2,14.3,44.7
Kamrup Metropolitan,Assam,12.6,21.3,80.4,75.2,8.3,7.8,17.0,20.3,11.8,39.9
Nalbari,Assam,16.4,21.8,71.0,66.9,8.0,9.7,22.5,24.9,11.7,42.0
Baksa,Assam,15.1,18.8,78.6,73.8,8.7,9.4,24.5,25.0,14.9,57.6
Darrang,Assam,17.4,13.3,66.8,71.4,7.0,8.3,16.7,14.5,10.2,43.0
Udalguri,Assam,16.1,14.0,77.6,82.2,6.6,9.4,19.7,22.6,12.2,50.8
Biswanath,Assam,22.0,10.6,79.8,65.1,5.5,5.7,23.5,28.4,27.8,61.6
Charaideo,Assam,24.7,10.3,69.7,72.6,7.1,8.8,18.2,17.9,25.4,57.9
Dhubri,Assam,22.2,12.4,73.1,63.0,4.6,5.9,18.2,19.0,21.8,55.0
Hojai,Assam,19.3,20.1,56.8,56.6,6.3,7.6,21.0,25.2,18.8,53.7
Jorhat,Assam,22.5,19.9,74.1,72.4,7.7,8.5,25.9,26.3,16.5,47.1
Karbi Anglong,Assam,10.0,15.7,67.5,59.5,6.5,8.5,20.1,22.8,20.5,55.0
Majuli,Assam,18.0,14.4,73.0,68.1,6.8,8.8,19.7,23.3,26.6,54.7
Nagaon,Assam,21.5,13.2,68.6,61.0,8.3,10.6,16.4,17.0,18.2,49.0
Sivasagar,Assam,20.5,21.5,67.5,68.0,7.9,7.7,22.0,26.0,25.5,58.4
Sonitpur,Assam,21.4,13.1,69.4,64.3,5.1,5.9,24.8,24.5,23.3,59.1
South Salmara Mancachar,Assam,11.9,8.5,69.6,58.2,5.3,7.1,15.5,16.5,25.2,50.0
West Karbi Anglong,Assam,13.1,9.4,79.0,58.8,6.0,8.6,17.0,22.2,20.2,58.2
Pashchim Champaran,Bihar,24.6,20.6,61.6,49.8,4.3,5.9,18.1,22.6,5.9,48.1
Purba Champaran,Bihar,23.4,16.3,61.0,57.1,5.3,8.1,16.2,23.6,7.6,55.2
Sheohar,Bihar,20.0,7.6,73.1,63.4,4.2,8.7,15.5,20.8,4.5,56.6
Sitamarhi,Bihar,31.8,13.9,70.0,61.8,6.2,8.8,17.8,17.9,6.4,55.4
Madhubani,Bihar,25.1,13.7,71.0,60.9,7.4,9.3,18.2,23.4,5.0,53.9
Supaul,Bihar,30.9,9.4,63.6,61.0,6.8,6.8,11.6,14.1,11.4,53.0
Araria,Bihar,30.4,9.9,75.8,67.7,6.9,10.1,12.1,15.8,12.3,53.2
Kishanganj,Bihar,29.1,11.6,67.5,64.9,5.6,7.8,17.4,22.7,11.6,50.4
Purnia,Bihar,31.4,14.4,68.0,65.1,6.9,8.9,18.7,22.5,6.2,47.3
Katihar,Bihar,26.4,13.1,65.6,68.9,6.5,9.1,17.0,17.8,6.1,49.2
Madhepura,Bihar,32.0,12.9,67.7,65.4,8.7,7.9,10.4,14.5,7.9,53.2
Saharsa,Bihar,31.0,12.8,69.3,65.7,6.6,9.0,14.9,15.5,10.7,54.9
Darbhanga,Bihar,25.6,13.4,68.9,61.3,6.4,10.1,17.5,23.5,5.6,55.1
Muzaffarpur,Bihar,25.2,16.5,64.6,58.7,6.9,6.9,18.1,24.0,7.2,51.5
Gopalganj,Bihar,22.7,17.9,56.1,53.8,4.7,5.0,20.3,22.8,5.2,47.8
Siwan,Bihar,18.1,23.3,63.9,53.0,3.4,8.3,19.6,29.6,4.6,44.1
Saran,Bihar,22.1,19.1,69.8,63.0,8.1,7.9,16.7,19.3,4.2,44.0
Vaishali,Bihar,26.1,16.9,77.1,62.9,6.5,8.1,17.4,19.6,3.9,46.3
Samastipur,Bihar,26.7,15.2,67.2,59.9,8.0,7.9,15.8,16.4,3.5,51.7
Begusarai,Bihar,26.0,17.6,74.5,63.2,6.8,9.1,13.9,17.0,4.0,49.6
Khagaria,Bihar,24.7,18.1,67.1,59.1,8.4,9.8,13.0,16.1,3.5,43.7
Bhagalpur,Bihar,22.9,19.4,78.7,73.7,7.5,8.5,13.3,14.7,2.4,47.3
Banka,Bihar,23.8,13.4,77.8,65.7,7.2,7.2,17.4,18.8,1.8,49.4
Munger,Bihar,23.7,20.9,74.3,71.3,9.8,11.6,16.1,18.3,2.5,40.9
Lakhisarai,Bihar,25.3,16.2,77.2,72.9,7.3,8.8,12.3,13.8,2.4,45.4
Sheikhpura,Bihar,24.1,13.3,80.1,69.7,5.7,5.8,16.3,16.1,2.1,45.0
Nalanda,Bihar,23.8,16.0,80.3,71.5,6.8,7.7,13.4,14.0,2.8,49.8
Patna,Bihar,22.6,21.5,65.4,67.3,7.6,10.0,16.1,14.8,2.1,39.9
Bhojpur,Bihar,23.1,20.8,67.7,73.9,6.8,9.6,13.9,14.5,2.4,43.7
Buxar,Bihar,21.1,16.6,68.3,67.0,7.1,6.6,13.9,10.5,1.8,42.2
Kaimur (Bhabua),Bihar,25.6,11.8,71.4,70.6,4.4,6.1,12.3,15.0,2.8,50.8
Rohtas,Bihar,22.9,19.8,70.3,65.6,5.3,7.4,15.2,16.0,1.0,40.6
Aurangabad,Bihar,25.8,10.0,68.4,60.9,6.5,8.9,16.2,15.3,3.3,46.7
Gaya,Bihar,26.8,10.8,76.7,64.3,4.2,7.4,16.6,18.8,3.7,51.9
Nawada,Bihar,28.4,15.7,73.3,70.1,4.9,5.8,14.5,18.5,2.9,47.9
Jamui,Bihar,31.0,12.7,81.9,76.2,5.4,8.2,12.6,14.8,2.8,53.6
Jehanabad,Bihar,27.2,14.3,61.9,67.8,6.9,9.0,13.4,12.0,5.5,49.1
Arwal,Bihar,31.9,12.4,65.8,66.6,6.3,9.3,12.9,14.0,2.4,47.9
Chandigarh,Chandigarh,13.0,44.0,54.6,60.1,6.0,7.1,25.0,30.6,0.6,12.1
Koriya,Chhattisgarh,25.1,17.3,56.3,65.0,7.5,7.1,25.7,30.9,17.5,44.4
Jashpur,Chhattisgarh,27.5,13.4,54.1,61.8,5.0,5.3,28.5,34.4,21.2,55.8
Raigarh,Chhattisgarh,26.9,14.9,62.7,62.5,4.0,6.3,26.1,31.9,19.1,43.6
Korba,Chhattisgarh,24.4,16.2,63.6,66.9,4.2,5.3,23.9,32.7,18.6,42.6
Janjgir - Champa,Chhattisgarh,21.5,12.8,74.1,66.6,4.1,5.1,21.6,28.3,14.8,40.4
Kabeerdham,Chhattisgarh,20.6,11.8,67.5,43.9,5.6,5.9,24.0,26.5,13.7,40.2
Rajnandgaon,Chhattisgarh,25.9,12.8,80.5,58.6,4.9,3.9,27.7,28.3,19.0,47.3
Mahasamund,Chhattisgarh,21.3,12.6,75.8,63.4,4.1,4.4,17.9,21.4,23.7,43.2
Dhamtari,Chhattisgarh,18.4,12.7,67.3,60.0,5.8,6.8,21.0,24.9,14.1,38.0
Uttar Bastar Kanker,Chhattisgarh,25.5,6.8,62.3,66.3,3.4,4.3,27.0,30.2,16.5,39.4
Narayanpur,Chhattisgarh,28.1,5.7,86.8,72.8,3.9,5.4,18.8,21.1,32.7,51.3
Bijapur,Chhattisgarh,43.6,6.0,77.2,72.9,4.4,4.3,15.0,21.6,44.4,61.9
Balod,Chhattisgarh,18.8,12.2,68.3,56.6,4.6,4.8,25.1,27.7,11.4,36.1
Baloda Bazar,Chhattisgarh,19.4,14.7,67.8,61.5,3.1,4.9,22.6,27.9,14.9,40.8
Balrampur,Chhattisgarh,28.7,9.9,50.1,63.2,4.1,5.5,25.2,31.2,21.4,53.2
Bastar,Chhattisgarh,34.9,8.7,80.7,77.1,4.6,4.7,23.7,24.1,36.4,55.8
Bemetara,Chhattisgarh,21.0,14.9,61.8,46.9,4.7,6.7,26.9,27.6,10.6,40.2
Bilaspur,Chhattisgarh,27.2,17.1,78.1,59.3,4.3,6.5,24.4,28.6,11.5,40.0
Dantewada,Chhattisgarh,25.9,6.8,89.9,76.7,5.8,7.4,19.1,23.7,38.1,55.7
Durg,Chhattisgarh,12.5,23.9,57.1,52.0,6.1,6.6,22.6,26.5,7.2,36.6
Gariyaband,Chhattisgarh,20.0,9.1,73.9,65.0,4.0,5.0,22.6,25.6,21.0,45.3
Kodagaon,Chhattisgarh,31.3,6.1,76.6,79.5,4.5,4.1,21.2,21.6,28.6,48.3
Mungeli,Chhattisgarh,20.9,17.5,62.0,54.6,4.8,5.4,26.2,29.2,13.7,37.6
Raipur,Chhattisgarh,14.4,15.7,74.6,59.8,4.0,4.5,17.7,20.6,10.9,37.5
Sukma,Chhattisgarh,34.5,3.8,91.4,79.0,4.3,4.5,14.5,18.1,44.5,61.7
Surajpur,Chhattisgarh,29.5,14.7,51.1,61.0,4.9,5.1,25.0,30.9,17.7,50.4
Surguja,Chhattisgarh,26.8,15.3,51.4,58.8,4.3,5.0,28.5,37.5,24.0,49.3
Diu,Dadra and Nagar Haveli & Daman and Diu,16.4,30.6,62.8,50.4,7.9,11.1,18.1,17.7,1.7,34.5
Daman,Dadra and Nagar Haveli & Daman and Diu,22.3,36.9,82.5,60.8,4.5,7.7,18.4,19.9,2.3,36.1
Dadra & Nagar Haveli,Dadra and Nagar Haveli & Daman and Diu,27.0,23.0,74.8,64.5,7.1,7.9,13.3,13.5,3.3,39.8
North Goa,Goa,14.1,37.2,55.2,40.2,7.9,9.7,27.3,28.3,2.7,19.2
South Goa,Goa,13.5,34.6,50.0,37.3,9.4,11.1,27.7,25.0,2.5,16.9
Kachchh,Gujarat,28.1,25.7,68.6,58.0,6.7,6.9,19.1,18.2,8.9,38.7
Banas Kantha,Gujarat,36.7,11.7,79.0,59.6,7.6,8.9,14.3,15.7,7.5,37.3
Patan,Gujarat,29.3,18.3,76.2,59.8,10.2,10.1,16.3,16.3,6.9,38.9
Mahesana,Gujarat,24.4,24.3,86.0,69.5,9.7,12.1,22.6,27.0,7.7,36.9
Gandhinagar,Gujarat,21.2,29.5,81.2,69.2,8.7,8.4,23.9,29.3,7.2,33.8
Porbandar,Gujarat,15.8,27.8,77.9,47.4,9.2,11.6,15.8,16.2,16.7,59.7
Amreli,Gujarat,18.3,29.1,72.0,50.3,8.3,8.0,18.0,11.5,5.0,53.7
Anand,Gujarat,32.0,20.9,78.4,66.6,9.8,8.4,26.6,26.9,7.3,35.8
Dohad,Gujarat,39.1,6.5,87.2,75.4,7.0,6.9,18.2,17.7,14.6,55.9
Narmada,Gujarat,30.7,11.1,93.2,75.9,6.3,6.6,19.2,20.8,14.6,48.8
Bharuch,Gujarat,30.3,25.5,81.0,71.6,7.6,10.2,23.7,24.9,11.2,35.1
The Dangs,Gujarat,33.7,8.1,82.4,77.6,4.1,4.8,22.9,24.1,18.5,44.8
Navsari,Gujarat,21.8,18.7,75.3,68.9,6.2,7.2,23.7,22.1,9.0,29.2
Valsad,Gujarat,23.8,21.3,87.6,75.8,7.3,6.8,23.8,29.3,5.3,32.3
Surat,Gujarat,21.0,25.1,83.6,69.3,6.8,9.3,23.4,22.6,7.7,32.5
Tapi,Gujarat,35.4,12.6,80.7,77.6,7.1,9.1,25.2,28.0,10.8,35.6
Ahmadabad,Gujarat,19.4,30.1,72.0,63.5,10.2,12.0,18.5,16.2,6.2,33.4
Aravali,Gujarat,34.4,18.1,89.5,77.1,6.7,7.9,21.0,22.0,9.6,45.8
Bhavnagar,Gujarat,20.8,29.4,71.5,49.1,8.8,6.8,20.1,18.0,9.7,50.9
Botad,Gujarat,19.6,27.3,75.5,59.1,8.8,8.7,12.5,12.0,5.3,48.9
Chhota Udaipur,Gujarat,30.9,7.6,87.7,79.1,6.3,7.3,19.4,17.5,8.9,47.7
Devbhumi Dwarka,Gujarat,22.4,24.1,66.7,48.8,6.4,6.5,18.1,17.3,24.2,60.6
Gir Somnath,Gujarat,24.8,17.3,68.9,49.6,6.2,7.2,14.0,12.3,18.9,60.7
Jamnagar,Gujarat,17.3,29.5,75.0,50.6,8.1,8.2,18.1,15.0,7.7,52.0
Junagadh,Gujarat,18.7,33.4,74.7,58.8,9.2,10.1,23.3,20.8,13.8,54.4
Kheda,Gujarat,32.2,17.8,85.1,76.2,8.5,9.0,24.0,24.5,13.5,45.8
Mahisagar,Gujarat,30.7,9.4,85.9,73.2,7.0,7.3,16.3,14.7,5.0,45.5
Morbi,Gujarat,21.2,24.6,75.3,50.7,9.7,10.4,18.4,15.1,7.3,54.7
Panch Mahals,Gujarat,33.1,16.1,91.0,69.5,8.2,8.6,22.5,27.6,7.8,42.2
Rajkot,Gujarat,19.5,28.0,77.0,60.6,7.7,8.5,17.8,14.5,7.2,53.4
Sabar Kantha,Gujarat,26.6,15.5,81.1,67.9,8.1,8.6,24.0,26.1,6.8,37.8
Surendranagar,Gujarat,24.1,20.7,81.0,55.4,8.5,11.3,17.1,14.7,4.7,47.5
Vadodara,Gujarat,20.9,27.6,86.4,72.6,7.8,6.5,24.3,23.8,6.8,29.1
Panchkula,Haryana,14.1,39.9,53.1,57.4,6.2,8.0,24.3,26.2,0.9,19.5
Ambala,Haryana,14.8,41.6,64.2,46.5,4.0,5.3,28.8,31.2,0.8,22.0
Yamunanagar,Haryana,14.0,38.0,72.9,56.3,5.7,6.7,28.7,28.8,1.7,25.3
Kurukshetra,Haryana,11.8,37.3,73.7,57.5,4.8,5.1,30.4,34.4,1.3,24.3
Kaithal,Haryana,16.5,32.7,61.4,62.5,8.7,9.6,16.9,20.4,1.7,22.6
Karnal,Haryana,14.9,36.5,78.3,62.1,3.5,3.7,17.6,21.2,2.6,26.6
Panipat,Haryana,13.7,37.8,73.4,66.8,4.9,5.1,21.6,25.6,4.6,27.3
Sonipat,Haryana,13.2,39.3,68.7,53.0,6.2,6.5,20.0,21.9,2.9,30.7
Jind,Haryana,18.9,32.3,68.9,59.5,6.1,7.5,16.5,21.9,2.5,35.3
Fatehabad,Haryana,19.8,29.8,59.3,62.5,6.6,7.4,17.5,20.1,0.8,23.5
Sirsa,Haryana,20.8,29.3,70.1,62.1,6.2,10.3,19.9,26.8,1.1,21.7
Hisar,Haryana,18.5,30.2,70.5,64.0,7.1,8.2,19.4,28.6,1.8,34.5
Rohtak,Haryana,15.9,35.9,76.2,64.8,6.6,7.0,20.7,24.5,2.8,30.5
Jhajjar,Haryana,10.1,43.5,76.9,59.9,5.1,5.3,21.0,26.8,2.6,34.1
Mahendragarh,Haryana,14.3,29.5,72.3,61.2,5.0,5.6,21.6,25.8,2.3,32.9
Rewari,Haryana,11.7,28.3,71.3,61.9,4.0,5.2,24.1,26.5,4.4,33.5
Gurgaon,Haryana,9.0,24.3,67.7,68.0,7.4,9.8,16.5,22.4,2.9,32.6
Mewat,Haryana,19.2,14.9,76.4,61.1,2.9,5.1,15.5,19.2,4.7,36.5
Faridabad,Haryana,10.0,37.1,68.4,54.8,3.8,5.1,23.3,26.2,2.7,23.0
Palwal,Haryana,15.8,27.4,71.6,57.2,3.1,5.3,21.9,23.2,7.0,30.9
Bhiwani,Haryana,19.5,28.1,69.2,66.8,5.4,6.2,18.7,24.8,1.8,34.6
Charkhi Dadri,Haryana,17.0,28.8,67.2,73.1,5.2,6.7,20.6,22.9,1.9,38.3
Chamba,Himachal Pradesh,14.6,23.2,46.5,43.9,5.4,6.1,17.8,23.2,2.5,40.3
Kangra,Himachal Pradesh,15.2,31.0,55.3,63.7,7.4,6.0,24.9,26.6,1.2,32.9
Lahul & Spiti,Himachal Pradesh,9.9,26.9,91.0,82.3,4.1,4.3,15.0,19.2,1.7,33.5
Kullu,Himachal Pradesh,11.0,29.8,75.3,53.7,3.9,4.7,17.4,20.6,1.4,33.6
Mandi,Himachal Pradesh,12.8,31.6,52.2,49.0,6.9,8.1,20.8,23.8,1.4,31.7
Hamirpur,Himachal Pradesh,17.2,37.1,52.0,49.4,7.5,8.0,28.1,35.2,0.7,33.0
Una,Himachal Pradesh,16.3,41.2,58.7,60.8,8.3,8.1,27.1,27.2,0.8,31.0
Bilaspur,Himachal Pradesh,17.5,29.1,44.8,53.4,9.3,9.8,22.1,20.3,1.8,33.3
Solan,Himachal Pradesh,11.9,29.7,50.4,48.4,5.1,6.2,21.7,22.3,2.9,29.0
Sirmaur,Himachal Pradesh,16.1,23.2,58.5,50.2,4.5,4.5,19.1,20.8,4.1,27.3
Shimla,Himachal Pradesh,9.9,28.4,59.1,46.7,4.8,7.7,19.9,23.5,1.5,31.7
Kinnaur,Himachal Pradesh,9.9,26.4,75.6,52.2,3.5,4.0,18.5,22.8,2.0,44.1
Kupwara,Jammu & Kashmir,5.1,21.3,78.8,75.6,3.6,4.7,18.1,18.9,6.8,49.8
Badgam,Jammu & Kashmir,4.7,25.3,85.0,75.0,2.9,3.1,19.9,18.6,5.4,42.9
Punch,Jammu & Kashmir,6.8,16.2,54.3,56.3,3.0,3.2,17.9,16.3,2.3,38.8
Rajouri,Jammu & Kashmir,4.8,22.7,76.4,62.0,4.7,5.4,16.5,13.8,3.2,44.8
Kathua,Jammu & Kashmir,5.3,38.2,67.0,55.2,7.8,9.1,18.9,23.6,2.1,33.3
Baramula,Jammu & Kashmir,10.6,31.1,70.4,73.1,4.5,3.8,23.7,19.0,6.5,34.7
Bandipore,Jammu & Kashmir,10.4,28.2,75.1,74.3,2.9,3.5,21.4,17.4,9.1,40.1
Srinagar,Jammu & Kashmir,3.5,27.8,77.0,52.5,3.5,2.6,20.1,18.1,1.9,36.5
Ganderbal,Jammu & Kashmir,7.7,34.2,89.8,77.9,4.2,4.3,21.5,19.1,6.3,36.3
Pulwama,Jammu & Kashmir,2.9,37.9,67.4,74.7,2.9,1.7,22.6,19.1,3.3,41.2
Shupiyan,Jammu & Kashmir,2.0,27.6,57.1,65.5,3.0,2.9,15.1,14.2,5.0,47.0
Anantnag,Jammu & Kashmir,4.1,28.6,79.2,75.7,5.0,5.3,20.0,19.4,2.9,47.0
Kulgam,Jammu & Kashmir,2.1,25.9,77.7,77.5,3.4,3.6,25.8,19.9,3.3,37.7
Doda,Jammu & Kashmir,5.0,31.3,80.7,67.9,4.4,4.5,23.1,21.5,3.2,37.1
Ramban,Jammu & Kashmir,7.6,15.8,62.0,61.7,5.8,3.7,17.5,15.7,2.8,36.4
Kishtwar,Jammu & Kashmir,5.1,24.9,88.5,86.2,2.9,3.5,13.2,13.3,3.5,41.3
Udhampur,Jammu & Kashmir,4.0,29.3,70.4,57.3,6.1,5.8,20.1,18.3,4.7,45.2
Reasi,Jammu & Kashmir,4.3,22.7,69.7,65.1,4.2,3.8,15.4,17.6,4.0,41.7
Jammu,Jammu & Kashmir,4.2,38.3,68.4,68.2,3.6,3.5,20.5,22.6,0.8,25.7
Samba,Jammu & Kashmir,3.6,36.5,69.0,63.6,4.8,5.7,21.1,21.5,3.0,38.9
Garhwa,Jharkhand,28.8,13.6,62.5,62.9,7.0,7.1,18.3,23.4,4.8,46.7
Chatra,Jharkhand,32.2,10.4,62.6,55.9,4.8,7.3,16.0,22.1,6.4,49.7
Kodarma,Jharkhand,29.9,12.4,60.0,65.1,6.3,10.7,13.8,20.6,1.4,37.3
Giridih,Jharkhand,27.3,7.8,62.8,65.2,5.5,7.8,17.4,23.9,4.4,44.8
Deoghar,Jharkhand,32.5,10.9,73.9,70.1,4.9,7.3,14.2,18.5,6.6,52.0
Godda,Jharkhand,23.6,10.7,75.1,66.3,6.7,7.1,18.6,20.2,2.7,45.1
Sahibganj,Jharkhand,28.5,14.3,72.6,72.1,6.8,8.0,15.0,16.6,4.7,47.2
Pakur,Jharkhand,34.4,8.0,72.1,80.4,7.9,10.4,17.1,20.2,5.8,50.8
Dhanbad,Jharkhand,26.0,16.4,66.5,64.6,4.5,5.0,18.5,24.9,9.6,45.7
Bokaro,Jharkhand,26.6,15.1,66.5,69.0,4.0,6.4,21.5,27.5,9.0,45.0
Lohardaga,Jharkhand,24.1,7.0,68.7,62.1,6.0,5.5,17.5,20.2,12.8,51.7
Purbi Singhbhum,Jharkhand,15.5,18.6,67.4,65.1,6.2,7.9,19.8,22.4,8.6,38.8
Palamu,Jharkhand,26.7,10.8,68.2,61.1,4.9,6.0,18.3,24.3,6.0,48.9
Latehar,Jharkhand,31.1,7.3,68.3,63.8,5.1,6.4,15.3,22.2,11.0,51.6
Hazaribagh,Jharkhand,25.3,15.0,62.1,56.2,4.4,6.4,18.8,30.8,4.8,42.5
Ramgarh,Jharkhand,27.3,14.1,59.7,62.3,3.8,5.3,21.1,27.4,8.6,48.5
Dumka,Jharkhand,29.6,9.1,75.1,74.2,5.1,5.4,14.1,20.0,9.6,56.6
Jamtara,Jharkhand,30.6,7.1,72.8,78.4,5.6,6.7,17.8,21.9,13.6,49.7
Ranchi,Jharkhand,21.2,14.9,62.8,59.3,5.1,5.3,19.6,23.1,8.3,45.8
Khunti,Jharkhand,20.6,3.9,66.9,70.9,6.1,10.6,11.7,14.2,16.2,57.2
Gumla,Jharkhand,25.2,5.6,65.8,59.9,6.3,8.3,15.1,19.9,14.8,55.5
Simdega,Jharkhand,25.8,7.9,75.4,71.0,4.7,5.3,20.9,26.7,17.6,56.5
Pashchimi Singhbhum,Jharkhand,33.1,7.1,73.3,72.5,4.2,7.4,17.8,19.5,19.9,56.4
Saraikela-Kharsawan,Jharkhand,20.3,6.4,76.1,71.2,7.1,9.7,15.6,17.2,11.2,42.6
Belgaum,Karnataka,22.2,23.8,72.7,53.4,4.8,5.1,19.4,22.2,6.6,28.8
Bagalkot,Karnataka,17.1,28.6,63.8,47.9,5.4,6.0,19.1,21.0,10.7,33.7
Bijapur,Karnataka,18.1,27.4,65.2,52.2,4.9,5.4,20.2,21.0,10.8,34.6
Bidar,Karnataka,24.9,20.8,69.3,55.7,4.7,6.3,21.2,24.1,8.5,31.2
Raichur,Karnataka,23.3,19.9,73.6,59.9,4.7,3.9,18.5,16.7,13.5,28.4
Koppal,Karnataka,24.9,21.9,70.7,54.8,4.9,6.6,19.5,22.2,19.9,34.1
Gadag,Karnataka,18.9,30.6,70.3,50.5,4.9,5.4,22.1,23.9,8.5,35.6
Dharwad,Karnataka,17.3,33.8,67.2,51.4,5.6,7.0,26.6,23.7,6.8,36.8
Uttara Kannada,Karnataka,18.4,22.6,69.0,45.0,4.9,6.2,26.9,25.1,10.5,26.1
Haveri,Karnataka,19.9,29.1,66.9,50.4,4.8,6.4,21.4,24.4,9.2,33.1
Bellary,Karnataka,22.2,27.3,67.5,58.7,4.2,5.3,21.2,20.9,8.2,26.2
Chitradurga,Karnataka,14.5,37.4,61.1,44.2,6.3,5.4,29.7,30.6,14.2,36.9
Davanagere,Karnataka,15.9,38.1,70.2,51.9,6.3,6.5,24.8,29.5,8.9,30.0
Shimoga,Karnataka,15.0,30.3,68.9,42.1,6.3,8.5,27.2,28.7,11.3,32.0
Udupi,Karnataka,23.8,22.9,58.3,47.2,6.0,6.0,31.2,32.5,7.0,17.4
Chikmagalur,Karnataka,14.2,33.2,53.2,41.0,6.6,6.9,29.2,28.7,10.9,32.3
Tumkur,Karnataka,15.2,30.4,67.6,48.9,5.6,7.4,27.4,34.0,9.8,26.7
Bangalore,Karnataka,10.0,40.1,58.9,36.0,8.4,10.4,30.7,33.5,2.9,20.9
Mandya,Karnataka,13.7,38.7,58.2,47.1,5.2,7.2,30.1,29.8,5.3,20.1
Hassan,Karnataka,11.1,36.1,63.6,42.0,6.6,8.8,28.1,29.5,10.9,29.0
Dakshina Kannada,Karnataka,12.6,22.2,51.1,38.9,6.0,6.9,30.1,29.9,4.4,15.1
Kodagu,Karnataka,12.0,34.7,54.4,39.6,6.2,6.6,31.5,33.3,8.7,22.2
Mysore,Karnataka,14.7,36.4,57.2,48.7,5.2,4.2,25.5,27.4,6.7,22.7
Chamarajanagar,Karnataka,17.9,30.6,68.7,46.4,6.5,6.0,28.8,29.9,2.8,22.4
Gulbarga,Karnataka,20.8,21.8,75.1,56.0,5.9,7.2,17.0,24.8,11.0,33.5
Yadgir,Karnataka,26.0,18.8,76.0,57.1,3.6,6.5,17.5,18.0,14.6,31.8
Kolar,Karnataka,17.8,27.9,57.9,43.8,4.4,6.1,24.3,27.9,13.0,19.2
Chikkaballapura,Karnataka,22.6,26.6,59.0,45.8,4.8,5.1,24.1,32.5,18.2,20.2
Bangalore Rural,Karnataka,14.1,33.2,60.8,44.6,5.9,5.6,26.7,30.8,13.1,24.8
Ramanagara,Karnataka,13.2,36.5,60.2,45.3,6.5,6.3,28.2,29.9,3.6,25.9
Kasaragod,Kerala,9.4,28.4,34.3,35.6,8.1,10.0,26.1,26.0,3.5,14.2
Kannur,Kerala,8.7,32.4,37.2,39.7,10.5,10.2,31.0,34.8,1.7,12.9
Wayanad,Kerala,14.0,26.7,39.4,27.0,7.5,8.2,28.8,28.3,10.6,26.0
Kozhikode,Kerala,8.4,30.7,32.1,30.2,7.7,10.2,29.6,28.4,0.8,11.3
Malappuram,Kerala,10.3,36.6,47.2,34.5,6.9,10.1,25.4,27.4,1.5,12.5
Palakkad,Kerala,12.9,32.9,51.9,50.0,9.0,10.5,32.4,35.3,5.1,22.5
Thrissur,Kerala,10.9,42.8,48.7,44.9,8.9,11.0,31.4,36.8,2.3,17.8
Ernakulam,Kerala,8.0,39.6,36.4,32.1,9.3,9.5,29.6,30.2,1.4,15.3
Idukki,Kerala,9.0,36.3,32.0,32.4,8.2,10.3,34.8,31.8,3.7,24.8
Kottayam,Kerala,12.3,39.8,36.8,38.6,7.6,8.9,34.2,38.8,1.7,18.3
Alappuzha,Kerala,14.3,41.9,30.3,32.0,9.4,8.2,32.1,36.2,1.8,18.3
Pathanamthitta,Kerala,12.3,43.8,44.2,36.9,8.5,9.2,42.1,41.9,1.5,22.3
Kollam,Kerala,9.5,43.5,32.5,36.7,8.1,9.5,32.4,35.3,1.6,21.5
Thiruvananthapuram,Kerala,6.6,50.6,33.0,32.5,6.3,10.2,31.4,32.1,0.8,15.0
Leh(Ladakh),Ladakh,5.3,30.2,95.5,94.6,4.6,4.2,12.8,14.7,4.4,39.5
Kargil,Ladakh,3.5,26.3,87.9,92.8,3.2,4.6,18.7,20.1,1.9,31.9
Lakshadweep,Lakshadweep,8.0,33.5,43.1,26.0,8.4,10.2,24.8,24.7,17.5,28.5
Sheopur,Madhya Pradesh,30.5,11.2,71.6,65.3,4.8,5.5,19.2,25.7,13.9,53.4
Morena,Madhya Pradesh,22.3,20.2,74.7,68.4,8.0,9.9,14.9,19.1,4.9,39.3
Bhind,Madhya Pradesh,24.3,20.5,75.6,70.3,7.1,7.5,15.2,17.0,5.6,37.9
Gwalior,Madhya Pradesh,20.4,26.1,78.4,62.5,4.9,5.1,19.9,25.1,4.6,30.2
Datia,Madhya Pradesh,23.0,19.1,72.8,58.6,6.8,8.3,15.3,19.7,6.7,44.7
Shivpuri,Madhya Pradesh,26.7,16.4,70.5,50.7,5.9,7.0,13.7,15.7,7.5,43.4
Tikamgarh,Madhya Pradesh,21.3,10.4,67.5,49.9,7.5,9.1,14.4,12.9,5.6,53.9
Chhatarpur,Madhya Pradesh,25.2,13.9,87.2,63.4,4.5,6.2,17.2,17.5,10.8,60.5
Panna,Madhya Pradesh,26.8,15.7,74.5,58.8,4.7,7.7,16.1,14.4,13.6,55.5
Sagar,Madhya Pradesh,22.8,20.2,83.3,49.5,3.1,5.0,25.3,26.4,10.6,51.6
Damoh,Madhya Pradesh,23.7,17.4,76.3,47.9,4.4,5.0,22.6,21.4,16.1,55.4
Satna,Madhya Pradesh,21.3,20.4,81.8,57.5,5.6,8.3,16.2,16.3,6.3,55.9
Rewa,Madhya Pradesh,16.5,18.2,78.0,61.7,6.4,7.5,17.6,20.1,7.6,55.3
Umaria,Madhya Pradesh,21.1,14.6,71.5,51.6,4.6,6.9,20.9,22.1,13.9,59.1
Neemuch,Madhya Pradesh,18.8,20.1,77.2,50.6,5.3,5.6,26.0,28.5,3.0,31.1
Mandsaur,Madhya Pradesh,29.4,19.2,65.4,57.0,5.5,5.7,29.6,36.2,2.3,35.3
Ratlam,Madhya Pradesh,23.4,17.0,74.0,59.4,3.6,5.3,21.3,24.0,3.9,33.9
Ujjain,Madhya Pradesh,21.1,15.2,81.6,54.8,4.3,6.0,23.3,25.0,4.7,38.1
Dewas,Madhya Pradesh,22.5,19.2,79.4,51.8,4.0,5.2,24.4,28.6,7.3,42.1
Dhar,Madhya Pradesh,17.1,10.1,65.0,49.5,5.4,6.5,19.9,19.8,7.4,44.1
Indore,Madhya Pradesh,15.6,19.0,78.8,47.9,4.9,5.8,20.7,21.3,4.6,36.3
Khargone (West Nimar),Madhya Pradesh,16.7,15.0,71.5,50.5,4.6,5.7,21.2,24.9,8.5,43.0
Barwani,Madhya Pradesh,27.1,8.2,78.2,58.5,6.0,6.5,21.1,25.0,9.9,43.8
Rajgarh,Madhya Pradesh,28.0,14.1,77.5,52.6,3.6,4.5,24.4,24.0,7.5,48.8
Vidisha,Madhya Pradesh,23.1,19.8,52.3,37.9,6.9,7.5,17.2,18.1,8.8,54.0
Bhopal,Madhya Pradesh,18.2,31.5,68.5,53.9,7.8,6.9,22.4,24.9,8.5,32.9
Sehore,Madhya Pradesh,27.1,20.6,82.4,44.8,3.3,4.7,26.0,26.6,9.7,47.1
Raisen,Madhya Pradesh,20.5,23.5,61.1,56.9,6.2,6.7,19.0,21.2,9.7,52.1
Betul,Madhya Pradesh,24.7,17.7,57.8,55.8,7.2,7.2,17.8,21.6,11.9,45.7
Harda,Madhya Pradesh,15.9,16.8,85.6,63.3,3.8,5.2,21.7,20.9,8.6,49.0
Hoshangabad,Madhya Pradesh,21.9,20.6,78.8,52.4,2.4,5.4,24.0,29.9,21.4,50.4
Katni,Madhya Pradesh,18.1,16.4,78.7,59.2,5.1,9.8,18.5,20.8,11.7,57.4
Jabalpur,Madhya Pradesh,27.8,14.6,,48.6,6.3,9.8,22.7,20.1,18.2,56.6
Narsimhapur,Madhya Pradesh,25.1,20.1,73.4,46.6,4.9,6.3,23.2,24.4,27.2,55.2
Dindori,Madhya Pradesh,29.3,7.9,78.1,65.0,4.5,4.4,25.2,27.7,22.8,60.6
Mandla,Madhya Pradesh,26.8,10.7,70.2,60.5,6.2,6.5,24.9,30.4,29.5,57.5
Chhindwara,Madhya Pradesh,28.5,18.6,50.5,41.8,5.8,5.5,21.7,22.6,21.1,49.0
Seoni,Madhya Pradesh,26.6,15.7,71.8,60.0,5.8,6.7,21.1,25.7,30.6,57.2
Balaghat,Madhya Pradesh,30.2,4.3,56.8,61.0,7.1,8.7,22.3,21.9,20.2,49.9
Guna,Madhya Pradesh,18.4,12.0,75.1,49.6,5.0,6.1,17.0,18.2,6.0,42.1
Ashoknagar,Madhya Pradesh,26.1,15.4,59.7,46.3,6.2,7.3,16.3,19.8,8.4,46.8
Shahdol,Madhya Pradesh,28.3,14.5,57.3,56.4,5.5,8.5,19.8,23.2,8.6,46.4
Anuppur,Madhya Pradesh,26.5,15.5,49.2,52.5,6.0,7.3,24.3,26.4,16.7,53.8
Sidhi,Madhya Pradesh,22.9,14.6,72.5,55.7,4.4,9.0,17.5,26.0,7.4,54.5
Singrauli,Madhya Pradesh,25.6,11.9,56.6,54.4,5.9,7.7,18.9,25.9,5.8,46.0
Jhabua,Madhya Pradesh,29.2,11.6,80.1,58.7,5.7,6.6,23.5,23.7,4.2,35.2
Alirajpur,Madhya Pradesh,19.6,10.9,76.4,60.4,4.2,5.9,22.0,27.7,10.6,46.3
Khandwa (East Nimar),Madhya Pradesh,21.7,13.7,86.8,66.9,5.0,6.1,21.3,17.6,6.9,44.9
Burhanpur,Madhya Pradesh,20.9,12.2,77.9,58.0,3.5,5.2,13.9,15.9,9.5,35.4
Agar Malwa,Madhya Pradesh,26.7,8.8,,59.5,12.2,12.2,21.2,25.2,2.6,37.6
Shajapur,Madhya Pradesh,23.1,16.0,76.1,45.9,3.4,4.5,23.3,26.1,5.3,46.6
Nandurbar,Maharastra,36.1,12.9,79.3,64.1,5.5,4.8,23.5,24.6,26.7,42.6
Dhule,Maharastra,26.5,23.9,72.2,60.8,5.5,6.7,21.4,25.1,15.6,38.2
Jalgaon,Maharastra,22.2,26.2,85.2,65.3,5.7,7.1,20.7,24.4,12.6,37.7
Buldana,Maharastra,21.6,15.7,79.4,58.5,6.4,5.2,20.1,20.5,12.0,42.5
Akola,Maharastra,16.1,19.6,77.5,53.2,5.1,5.7,19.4,19.1,10.4,44.0
Washim,Maharastra,20.1,14.2,70.4,57.0,4.0,4.9,21.9,21.0,14.3,39.1
Amravati,Maharastra,20.5,20.3,74.4,53.6,5.1,7.1,19.8,18.7,9.0,40.8
Wardha,Maharastra,17.1,19.6,71.4,60.7,4.5,5.4,17.1,14.0,9.5,52.6
Nagpur,Maharastra,17.1,13.4,70.5,54.0,6.0,7.0,21.3,18.3,5.0,40.2
Bhandara,Maharastra,25.8,9.8,72.8,65.4,5.6,5.6,21.8,19.3,19.7,60.7
Gondiya,Maharastra,23.4,9.4,78.0,60.9,3.7,6.0,21.8,18.9,17.2,55.1
Gadchiroli,Maharastra,24.3,5.6,76.6,67.1,4.3,5.4,17.0,17.2,26.5,61.4
Chandrapur,Maharastra,26.5,9.4,76.6,55.9,5.2,6.3,20.7,20.6,11.3,49.1
Yavatmal,Maharastra,23.2,10.5,75.2,58.5,5.8,5.4,17.2,18.2,12.3,46.6
Nanded,Maharastra,22.9,19.2,76.1,57.5,4.9,5.5,16.7,17.3,5.7,36.7
Hingoli,Maharastra,24.9,16.6,72.5,51.2,5.3,5.5,17.4,17.4,7.8,32.7
Parbhani,Maharastra,20.4,23.7,75.4,59.4,6.0,5.7,21.0,21.6,7.0,37.7
Jalna,Maharastra,23.3,20.6,68.3,58.7,5.5,7.4,21.8,24.8,7.0,32.5
Aurangabad,Maharastra,20.3,24.4,64.5,52.6,6.5,8.0,20.8,20.9,7.9,33.8
Nashik,Maharastra,25.6,21.7,67.3,55.4,4.4,5.2,22.5,26.1,15.4,35.0
Mumbai Suburban,Maharastra,12.2,40.4,65.6,49.7,8.1,7.9,26.6,28.0,5.9,20.0
Mumbai,Maharastra,12.0,25.0,72.8,46.9,9.2,11.4,21.0,23.3,5.3,20.3
Raigarh,Maharastra,21.8,23.1,67.0,53.8,5.1,6.5,24.8,26.4,16.2,31.8
Pune,Maharastra,19.6,31.0,58.7,53.2,4.2,7.2,22.4,25.8,11.7,27.9
Ahmadnagar,Maharastra,21.5,23.0,64.5,50.5,5.0,5.4,23.6,25.3,14.7,37.7
Bid,Maharastra,20.8,21.9,61.0,51.0,5.2,6.0,26.4,24.1,6.0,37.8
Latur,Maharastra,24.2,17.6,59.5,50.7,5.5,5.4,18.6,19.6,3.7,37.5
Osmanabad,Maharastra,19.1,25.1,67.4,49.3,4.9,5.8,23.5,26.2,8.0,44.2
Solapur,Maharastra,21.2,28.2,70.9,55.5,4.8,5.2,25.7,26.2,10.2,39.2
Satara,Maharastra,22.9,26.6,68.9,50.2,5.1,4.0,27.2,29.8,29.5,40.6
Ratnagiri,Maharastra,25.8,17.7,69.4,43.4,8.1,6.2,32.4,33.9,18.4,31.3
Sindhudurg,Maharastra,21.5,20.8,55.6,41.3,9.6,9.4,36.6,37.9,11.5,26.8
Kolhapur,Maharastra,19.2,23.7,66.4,50.1,5.8,7.9,31.0,33.2,9.6,25.8
Sangli,Maharastra,15.0,27.8,62.7,47.6,8.3,10.5,30.1,32.0,11.4,31.5
Palghar,Maharastra,27.9,17.0,70.3,57.2,4.9,6.5,23.4,22.4,8.3,26.2
Thane,Maharastra,18.9,30.7,67.9,58.8,6.5,5.9,24.5,29.7,6.9,24.2
Senapati,Manipur,5.3,24.9,48.5,27.9,4.6,5.9,18.7,28.2,46.1,63.7
Tamenglong,Manipur,4.6,24.4,37.0,26.9,6.3,7.4,21.5,29.4,17.2,52.2
Churachandpur,Manipur,7.1,28.0,41.1,31.0,7.0,7.1,16.3,25.2,62.1,73.8
Bishnupur,Manipur,7.7,40.9,42.4,35.6,5.9,5.7,23.6,31.3,48.8,60.2
Thoubal,Manipur,7.3,31.3,39.7,23.8,4.2,5.5,23.2,33.4,47.9,58.5
Imphal West,Manipur,6.3,36.9,41.8,26.4,7.7,8.5,27.5,38.4,38.0,52.3
Imphal East,Manipur,8.7,40.1,50.3,36.3,7.3,7.8,21.9,36.0,39.6,53.5
Ukhrul,Manipur,9.7,14.5,34.6,21.6,3.5,5.6,22.3,25.0,32.9,69.1
Chandel,Manipur,3.7,33.7,42.4,27.7,5.7,8.0,21.7,28.2,47.9,64.7
South Garo Hills,Meghalaya,6.6,6.9,33.6,57.7,10.0,18.3,15.8,22.8,9.7,50.7
Ribhoi,Meghalaya,15.5,12.2,45.7,62.2,4.6,4.9,13.5,16.0,34.1,60.4
East Khasi Hills,Meghalaya,11.6,15.6,39.0,48.5,2.7,3.6,24.5,25.0,29.8,51.9
East Garo Hills,Meghalaya,8.5,7.0,28.0,52.1,6.3,12.0,15.3,23.2,6.3,54.0
East Jantia Hills,Meghalaya,13.5,15.2,47.2,43.7,3.2,4.0,18.7,17.2,49.2,68.5
North Garo Hills,Meghalaya,7.7,11.1,30.2,58.9,7.8,11.8,20.0,25.4,3.8,54.1
South West Garo Hills,Meghalaya,8.5,9.0,35.5,63.6,8.9,12.4,13.6,20.0,11.1,52.4
South West Khasi Hills,Meghalaya,17.2,8.9,61.3,58.5,3.2,4.2,18.5,19.0,50.0,63.7
West Garo Hills,Meghalaya,7.7,7.2,30.2,57.2,7.6,15.9,17.4,24.7,17.6,58.3
West Jaintia Hills,Meghalaya,9.6,15.4,54.6,55.3,3.8,4.4,18.0,15.5,44.8,64.7
West Khasi Hills,Meghalaya,14.6,8.7,56.2,52.1,2.3,4.3,16.0,16.4,50.2,73.3
Chandel,Mizoram,3.7,33.7,42.4,27.7,5.7,8.0,21.7,28.2,47.9,64.7
Mamit,Mizoram,4.1,21.8,45.5,35.1,5.7,8.0,14.3,21.0,70.2,80.6
Kolasib,Mizoram,5.9,26.0,53.8,37.3,9.0,6.6,16.5,24.3,70.6,75.3
Aizawl,Mizoram,3.8,29.7,44.0,31.6,6.8,7.2,23.4,33.6,54.7,68.7
Champhai,Mizoram,5.8,22.9,38.3,26.1,6.9,7.4,16.1,19.6,66.7,74.5
Serchhip,Mizoram,5.9,24.0,43.2,31.7,7.0,7.2,11.6,17.7,62.7,74.2
Lunglei,Mizoram,6.2,20.6,45.7,35.1,7.4,9.9,13.9,20.0,62.8,75.0
Lawngtlai,Mizoram,7.1,14.1,55.3,48.6,6.6,9.0,13.0,20.3,65.4,77.2
Mon,Nagaland,8.7,9.4,39.4,30.4,5.2,7.4,20.4,35.7,6.9,52.4
Mokokchung,Nagaland,11.3,15.2,35.5,25.8,4.6,4.5,23.2,28.9,22.2,53.0
Zunheboto,Nagaland,5.6,8.9,34.9,30.6,5.7,5.2,33.2,41.2,8.0,48.9
Wokha,Nagaland,8.8,18.3,45.4,31.0,6.2,10.4,24.3,35.7,12.9,50.4
Dimapur,Nagaland,9.6,21.1,48.9,34.8,6.8,5.6,18.6,20.8,16.4,44.0
Phek,Nagaland,14.8,14.1,44.9,31.0,5.1,7.5,25.9,33.8,9.9,45.5
Tuensang,Nagaland,15.9,10.8,38.8,29.3,4.3,7.0,20.4,24.3,14.9,50.2
Longleng,Nagaland,14.4,7.0,40.4,34.9,6.0,9.6,22.6,30.0,7.9,54.0
Kiphire,Nagaland,13.9,9.3,55.2,31.9,5.7,7.0,15.3,22.0,10.1,44.2
Kohima,Nagaland,11.7,11.6,38.4,15.6,3.6,6.0,25.7,31.1,14.4,47.9
Peren,Nagaland,6.6,16.4,51.0,29.9,4.1,7.5,19.8,27.7,13.4,49.2
Central,NCT of Delhi,10.4,44.8,70.3,45.1,4.5,6.0,26.5,41.5,3.4,27.8
East,NCT of Delhi,11.9,41.3,65.9,42.6,4.6,4.1,25.8,33.8,1.5,25.0
New Delhi,NCT of Delhi,12.8,41.8,72.9,56.1,4.0,4.8,25.8,33.8,2.4,29.0
North,NCT of Delhi,9.2,41.8,67.5,47.1,4.0,5.8,21.3,32.9,2.8,30.3
North East,NCT of Delhi,9.6,43.3,62.5,46.1,3.6,3.8,27.2,37.0,3.1,24.1
North West,NCT of Delhi,9.0,43.2,73.6,51.7,5.0,5.9,24.1,29.9,1.3,24.1
Shahdara,NCT of Delhi,11.0,42.8,71.4,49.4,3.6,4.4,26.1,35.0,1.8,24.6
South,NCT of Delhi,10.1,40.0,65.4,46.3,4.8,5.8,22.3,30.4,3.8,28.2
South East,NCT of Delhi,7.7,33.0,72.7,48.3,3.7,4.8,23.7,27.8,1.6,20.8
South West,NCT of Delhi,9.0,42.9,70.1,56.7,3.8,7.4,19.5,26.5,1.8,27.4
West,NCT of Delhi,10.5,40.6,68.5,57.4,4.5,5.2,23.8,34.1,2.0,28.5
Bargarh,Odisha,19.0,19.9,56.2,62.8,7.5,6.5,22.6,24.3,21.2,40.1
Jharsuguda,Odisha,21.2,27.0,65.5,68.1,6.9,5.9,20.4,25.3,20.6,45.9
Sambalpur,Odisha,19.7,21.4,64.5,67.1,6.7,9.2,22.2,24.5,22.4,50.8
Debagarh,Odisha,23.3,13.4,61.5,72.1,5.6,8.2,20.1,27.5,20.8,59.2
Sundargarh,Odisha,21.1,19.6,77.1,69.8,5.8,5.7,21.1,25.3,21.9,52.2
Kendujhar,Odisha,25.9,17.0,64.6,69.0,5.8,7.1,24.1,25.1,34.9,64.2
Mayurbhanj,Odisha,30.2,14.3,71.7,73.0,4.3,4.9,26.1,28.8,34.9,62.2
Baleshwar,Odisha,23.9,21.6,43.2,61.5,5.5,5.4,22.9,29.5,29.8,44.9
Bhadrak,Odisha,24.7,18.3,68.7,63.8,6.5,7.0,21.7,26.1,34.1,59.8
Kendrapara,Odisha,20.5,24.1,61.5,58.9,6.5,7.7,21.9,24.8,30.9,54.9
Jagatsinghapur,Odisha,12.9,35.5,58.2,60.4,6.6,7.5,26.2,30.2,25.7,51.1
Cuttack,Odisha,15.7,32.5,63.8,64.7,7.9,8.3,22.7,27.1,25.8,51.0
Jajapur,Odisha,24.4,21.3,66.4,63.4,6.6,7.0,23.8,28.0,34.4,58.8
Dhenkanal,Odisha,18.9,21.8,62.0,66.1,7.0,5.9,25.3,26.0,28.2,56.0
Anugul,Odisha,20.6,22.7,75.3,75.8,8.4,8.1,18.9,21.1,17.2,56.9
Nayagarh,Odisha,13.1,30.3,55.2,62.6,9.9,10.1,22.0,18.8,16.9,54.3
Khordha,Odisha,10.0,39.3,56.1,67.9,9.1,8.5,20.2,25.1,20.1,44.7
Puri,Odisha,12.9,40.4,51.0,63.3,8.9,9.5,20.8,23.3,25.5,52.6
Ganjam,Odisha,11.2,36.9,61.3,56.9,6.6,9.1,23.4,29.7,17.9,45.1
Gajapati,Odisha,23.5,17.5,64.4,65.6,5.6,6.2,19.7,24.9,16.5,36.2
Kandhamal,Odisha,21.0,15.7,55.3,48.8,4.7,7.1,24.4,24.8,25.5,52.0
Baudh,Odisha,22.1,18.5,56.2,54.6,5.1,7.5,20.9,24.0,19.1,42.7
Subarnapur,Odisha,20.5,21.7,73.1,58.8,6.8,6.5,22.4,20.5,17.9,39.4
Balangir,Odisha,21.5,15.9,74.9,59.7,5.6,8.9,20.1,24.4,23.7,44.2
Nuapada,Odisha,30.7,11.9,73.5,64.3,5.5,6.2,21.4,23.6,23.7,48.6
Kalahandi,Odisha,23.8,15.0,68.8,64.0,5.2,7.2,26.4,26.2,23.2,50.5
Rayagada,Odisha,26.7,14.8,70.5,68.8,6.6,6.9,19.5,25.1,29.1,47.0
Nabarangapur,Odisha,30.9,8.1,70.8,69.7,3.9,5.2,20.8,22.6,34.4,61.2
Koraput,Odisha,27.2,9.2,69.7,58.2,5.0,7.0,21.1,24.5,32.7,58.0
Malkangiri,Odisha,38.6,10.1,78.7,71.8,7.4,7.4,17.1,20.7,33.5,54.9
Yanam,Puducherry,8.5,51.6,39.7,43.5,6.3,8.9,32.2,33.3,0.8,10.3
Puducherry,Puducherry,8.1,48.5,66.3,57.5,7.0,6.6,22.7,31.1,2.1,14.0
Mahe,Puducherry,6.2,28.8,36.9,38.8,14.6,14.6,33.3,37.7,1.0,12.6
Karaikal,Puducherry,12.7,39.3,65.5,53.7,7.3,6.5,20.5,24.4,5.1,19.5
Kapurthala,Punjab,11.5,42.4,68.7,54.7,6.4,7.2,32.3,36.2,0.2,11.6
Jalandhar,Punjab,11.9,48.3,69.2,57.3,5.8,6.4,32.5,37.5,0.7,11.3
Hoshiarpur,Punjab,10.8,40.7,69.6,54.2,5.3,7.6,35.9,43.0,0.2,10.1
Shahid Bhagat Singh Nagar,Punjab,9.8,41.8,63.9,49.9,8.1,8.5,32.7,42.8,0.2,10.9
Fatehgarh Sahib,Punjab,9.8,48.2,61.5,64.7,6.5,6.9,31.8,35.1,0.2,12.3
Ludhiana,Punjab,10.1,45.1,77.9,65.0,6.8,5.6,26.3,32.2,0.5,13.5
Moga,Punjab,13.4,33.1,70.3,54.7,5.8,6.2,31.2,35.3,0.3,16.9
Muktsar,Punjab,18.4,30.8,69.0,60.9,6.5,6.6,24.4,32.0,0.4,20.8
Faridkot,Punjab,16.3,39.4,76.1,63.4,5.3,7.9,26.1,35.4,0.1,18.6
Bathinda,Punjab,16.5,37.5,69.6,59.7,5.3,6.0,32.2,45.1,1.0,20.3
Mansa,Punjab,16.1,32.9,78.2,60.2,5.3,4.4,30.2,42.2,0.4,16.9
Patiala,Punjab,14.0,42.9,76.7,65.1,7.5,5.5,28.7,34.3,0.3,11.2
Amritsar,Punjab,9.6,42.3,73.6,52.6,5.4,6.3,35.9,43.0,0.2,8.2
Tarn Taran,Punjab,12.5,39.0,70.5,61.9,5.0,4.6,31.1,36.1,0.1,6.8
Rupnagar,Punjab,13.4,45.3,65.5,64.4,6.9,8.4,27.2,31.9,0.5,11.5
Sahibzada Ajit Singh Nagar,Punjab,9.5,48.9,63.7,59.6,6.5,7.2,27.7,34.0,0.5,12.3
Sangrur,Punjab,14.1,37.6,66.9,52.7,3.3,5.4,32.9,41.8,0.6,12.7
Barnala,Punjab,13.0,37.7,60.6,55.2,4.8,6.6,32.8,40.0,0.3,14.0
Fazilka,Punjab,19.4,31.6,70.0,67.1,6.0,6.2,27.9,36.2,0.4,17.5
Firozpur,Punjab,12.6,39.2,73.4,61.4,5.7,6.0,29.7,33.9,0.1,12.6
Gurdaspur,Punjab,11.1,41.0,70.1,55.7,5.2,6.0,36.8,39.2,0.4,7.9
Pathankot,Punjab,11.0,40.0,68.3,55.8,4.7,5.1,33.0,32.5,0.4,15.8
Ganganagar,Rajasthan,14.3,19.5,72.3,58.8,3.8,3.9,16.2,18.3,2.1,29.0
Hanumangarh,Rajasthan,19.3,17.6,81.0,60.4,3.9,4.1,20.0,22.6,1.5,36.1
Bikaner,Rajasthan,17.8,14.4,82.4,59.4,3.9,4.8,12.0,11.8,3.4,38.0
Churu,Rajasthan,20.3,20.3,78.1,53.0,2.9,3.6,21.2,25.4,5.0,39.9
Jhunjhunun,Rajasthan,20.0,19.0,77.2,55.5,2.9,3.6,20.7,25.6,5.9,39.9
Alwar,Rajasthan,24.3,17.3,63.2,53.3,3.0,3.3,20.3,25.8,9.7,42.5
Bharatpur,Rajasthan,23.5,12.4,75.7,61.0,3.0,3.1,19.1,23.6,10.5,47.5
Dhaulpur,Rajasthan,21.5,11.7,81.7,68.8,3.0,4.0,13.4,15.1,9.9,48.0
Karauli,Rajasthan,23.0,10.5,75.9,61.1,3.7,5.0,10.6,13.2,17.3,51.6
Sawai Madhopur,Rajasthan,25.8,11.1,73.3,57.6,3.0,4.4,15.4,19.8,13.9,47.1
Dausa,Rajasthan,22.7,9.1,74.4,60.3,4.4,5.5,12.2,16.1,15.8,47.5
Jaipur,Rajasthan,16.6,18.1,71.3,54.4,4.2,4.8,14.7,16.5,6.3,33.1
Sikar,Rajasthan,21.4,19.6,61.5,44.3,2.9,4.7,19.4,22.0,7.0,35.1
Nagaur,Rajasthan,18.9,13.0,65.1,45.6,3.4,4.6,15.6,17.5,5.9,44.0
Jodhpur,Rajasthan,16.9,13.3,64.4,44.2,3.1,4.8,13.1,16.5,6.9,43.6
Jaisalmer,Rajasthan,16.3,11.2,58.6,44.7,2.7,5.0,9.7,15.8,5.0,44.9
Barmer,Rajasthan,19.7,4.5,67.1,50.0,4.3,5.9,8.5,10.9,3.9,49.1
Jalor,Rajasthan,19.7,4.3,66.3,60.8,4.3,6.2,10.4,11.5,6.5,44.2
Sirohi,Rajasthan,17.7,7.9,75.8,65.3,3.0,5.1,14.2,18.7,8.7,39.9
Pali,Rajasthan,16.3,8.1,72.6,59.7,5.4,8.4,13.0,16.5,4.6,40.1
Ajmer,Rajasthan,14.2,18.9,76.3,52.5,3.8,3.3,14.5,13.1,4.1,38.6
Tonk,Rajasthan,23.8,10.0,64.6,52.9,3.0,3.2,16.7,20.1,8.6,47.6
Bundi,Rajasthan,29.6,12.4,74.9,56.3,3.4,3.4,17.2,19.0,13.8,52.8
Bhilwara,Rajasthan,16.3,12.4,62.7,50.7,3.9,6.2,15.4,15.7,4.2,41.9
Rajsamand,Rajasthan,18.1,8.3,84.3,58.6,3.9,4.4,15.1,15.4,4.8,44.6
Dungarpur,Rajasthan,26.8,4.4,79.8,73.6,5.7,9.1,12.9,14.9,3.6,40.8
Banswara,Rajasthan,23.3,4.5,82.1,53.1,5.7,6.2,17.1,19.4,5.8,38.7
Chittaurgarh,Rajasthan,20.2,15.3,72.4,45.4,5.6,8.0,18.3,21.1,3.7,44.4
Kota,Rajasthan,15.5,13.0,66.7,51.8,3.1,5.0,15.9,20.2,9.2,43.2
Baran,Rajasthan,20.5,10.1,65.1,60.1,4.5,4.8,12.6,15.6,19.3,57.0
Jhalawar,Rajasthan,19.8,8.6,73.1,51.7,4.6,6.4,15.0,17.3,9.8,55.4
Udaipur,Rajasthan,17.5,9.1,76.9,61.4,5.4,6.6,14.4,16.5,4.5,42.5
Pratapgarh,Rajasthan,24.1,5.9,65.8,53.0,3.5,6.1,16.5,18.7,2.7,37.8
North  District,Sikkim,3.4,44.1,53.5,37.0,6.5,8.4,39.0,47.7,9.9,35.4
West District,Sikkim,3.0,24.5,67.1,42.6,3.5,7.0,32.7,45.1,8.9,44.9
South District,Sikkim,4.6,34.8,56.5,39.9,6.6,9.1,41.0,49.6,15.8,47.4
East District,Sikkim,7.7,38.2,49.8,43.3,7.4,6.7,31.6,34.2,11.2,37.9
Thiruvallur,Tamil Nadu,10.5,48.6,58.4,56.9,6.3,6.4,26.4,32.4,1.7,18.3
Chennai,Tamil Nadu,7.4,41.9,55.3,50.5,10.6,10.7,28.8,33.2,0.7,8.9
Kancheepuram,Tamil Nadu,12.6,46.4,68.8,57.0,6.7,6.0,24.3,32.0,4.5,17.5
Vellore,Tamil Nadu,11.4,45.4,60.9,50.7,8.1,8.0,25.9,25.6,4.3,14.4
Tiruvannamalai,Tamil Nadu,12.6,37.8,64.7,56.3,6.7,8.0,19.2,25.8,4.8,17.2
Viluppuram,Tamil Nadu,17.2,37.0,73.4,62.6,6.6,6.7,19.0,26.1,8.8,25.1
Salem,Tamil Nadu,10.1,40.3,51.3,46.5,7.7,8.7,26.6,34.0,6.5,23.5
Namakkal,Tamil Nadu,9.4,43.2,67.9,51.9,8.0,9.5,25.6,31.5,6.6,19.8
Erode,Tamil Nadu,11.4,37.1,46.5,55.3,6.4,6.2,29.5,36.1,11.1,26.2
The Nilgiris,Tamil Nadu,10.8,39.5,45.9,44.4,5.4,8.2,34.2,32.9,6.8,21.5
Dindigul,Tamil Nadu,12.9,38.5,50.2,42.9,8.2,11.9,25.7,34.2,6.5,27.7
Karur,Tamil Nadu,17.9,34.7,73.2,65.5,9.4,10.8,24.1,29.1,5.9,25.5
Tiruchirappalli,Tamil Nadu,16.7,33.5,82.3,62.5,8.6,10.4,21.4,28.9,3.5,19.8
Perambalur,Tamil Nadu,18.0,32.9,69.2,66.9,8.4,7.0,19.8,26.1,5.5,20.3
Ariyalur,Tamil Nadu,15.6,33.3,62.0,62.4,8.7,8.7,20.6,27.5,8.7,20.7
Cuddalore,Tamil Nadu,14.8,35.1,64.8,58.6,8.3,7.4,20.1,27.0,7.5,24.4
Nagapattinam,Tamil Nadu,19.4,31.9,60.9,63.2,6.5,6.7,24.5,32.1,10.4,24.9
Thiruvarur,Tamil Nadu,15.4,37.2,45.0,58.3,10.6,8.7,23.8,31.0,11.5,24.3
Thanjavur,Tamil Nadu,12.7,42.8,64.8,59.1,7.8,7.6,28.8,34.6,7.6,22.4
Pudukkottai,Tamil Nadu,20.3,32.0,71.1,62.5,6.5,6.6,23.0,30.2,7.6,28.3
Sivaganga,Tamil Nadu,12.7,33.4,56.4,51.6,8.5,9.3,22.0,26.0,2.4,17.5
Madurai,Tamil Nadu,12.2,40.8,54.3,48.3,7.9,9.5,25.6,31.8,0.8,20.3
Theni,Tamil Nadu,10.3,45.2,46.8,41.3,8.8,9.0,28.7,35.6,4.3,21.3
Virudhunagar,Tamil Nadu,14.1,37.4,58.9,57.1,6.2,8.3,20.2,22.9,1.8,18.8
Ramanathapuram,Tamil Nadu,15.7,34.1,57.2,53.8,8.0,7.9,23.3,28.2,1.1,22.8
Thoothukkudi,Tamil Nadu,11.9,43.4,55.6,56.3,8.4,9.8,24.5,28.2,1.4,18.5
Tirunelveli,Tamil Nadu,13.5,40.2,49.9,51.5,6.7,7.6,22.1,25.5,0.7,16.3
Kanniyakumari,Tamil Nadu,5.9,53.0,39.1,45.5,9.3,8.4,24.4,30.2,1.0,11.0
Dharmapuri,Tamil Nadu,12.9,33.4,54.2,42.0,5.7,8.0,25.8,30.8,7.9,24.6
Krishnagiri,Tamil Nadu,11.7,34.5,46.5,44.3,4.9,6.7,23.5,25.3,8.2,20.3
Coimbatore,Tamil Nadu,10.1,50.0,37.8,48.8,6.8,7.7,29.2,33.3,5.5,21.4
Tiruppur,Tamil Nadu,9.9,45.0,44.8,55.9,5.9,6.1,26.8,28.9,5.7,22.8
Adilabad,Telangana,26.9,15.7,76.3,61.1,4.7,5.9,23.1,26.4,11.0,29.7
Bhadradri Kothagudem,Telangana,14.9,31.0,69.3,69.3,9.1,6.8,29.6,30.1,4.7,28.4
Hyderabad,Telangana,12.4,51.0,63.6,52.5,5.4,6.5,30.2,41.7,1.7,12.4
Jagitial,Telangana,22.5,26.0,59.9,56.4,7.5,8.6,25.5,31.3,11.2,23.5
Jangoan,Telangana,18.2,24.1,69.5,57.3,6.5,8.1,26.1,29.0,4.1,27.1
Jayashankar Bhupalapally,Telangana,17.7,22.4,67.9,66.4,5.3,9.8,28.4,31.5,5.6,27.4
Jogulamba Gadwal,Telangana,27.5,21.9,82.4,64.1,3.4,6.1,21.5,29.7,9.7,23.7
Kamareddy,Telangana,21.7,21.0,71.6,59.5,5.4,6.9,27.7,29.1,5.6,25.7
Karimnagar,Telangana,20.6,28.8,70.8,61.1,6.2,6.6,25.0,34.7,5.7,19.3
Khammam,Telangana,12.8,36.1,60.5,62.2,6.9,6.7,27.6,30.8,2.0,19.5
Komaram Bheem Asifabad,Telangana,25.7,14.0,70.7,67.3,3.9,6.2,21.8,27.2,12.8,37.7
Mahabubabad,Telangana,18.6,23.7,81.1,63.0,7.7,6.8,21.9,28.8,5.0,28.1
Mahabubnagar,Telangana,24.0,24.0,82.6,55.1,4.9,6.4,24.2,26.5,7.5,25.3
Mancherial,Telangana,21.9,24.6,58.7,57.1,6.7,6.5,27.9,32.0,6.5,22.4
Medak,Telangana,25.4,23.3,70.0,54.8,5.7,6.9,26.7,28.9,6.4,26.2
Medchal-Malkajgiri,Telangana,15.2,41.8,73.8,57.4,4.4,5.5,26.5,34.8,3.0,17.9
Nagarkurnool,Telangana,19.1,22.8,75.1,53.5,4.5,7.0,24.6,27.3,6.2,30.8
Nalgonda,Telangana,15.5,28.5,74.5,54.2,5.9,6.4,19.6,25.7,4.0,24.3
Nirmal,Telangana,26.9,22.5,65.3,58.1,5.6,6.7,25.1,28.5,13.0,29.0
Nizamabad,Telangana,21.0,27.5,65.3,57.7,5.1,6.3,27.1,31.2,8.6,20.6
Peddapalli,Telangana,16.5,26.1,69.6,64.6,4.2,7.3,27.7,34.7,4.6,21.6
Rajanna Sircilla,Telangana,18.6,23.8,65.7,56.6,6.5,6.2,30.2,36.0,8.5,19.4
Ranga Reddy,Telangana,14.9,40.6,75.8,53.6,5.2,6.3,28.5,35.0,4.5,18.9
Sangareddy,Telangana,20.0,29.4,67.0,47.9,4.4,6.3,25.7,32.6,5.4,27.3
Siddipet,Telangana,17.9,26.8,63.5,56.9,4.0,7.9,26.6,36.9,5.2,23.2
Suryapet,Telangana,16.0,33.9,76.6,58.1,8.1,9.0,25.2,27.3,3.0,20.8
Vikarabad,Telangana,25.6,25.7,70.0,61.3,4.8,5.7,27.0,30.3,11.6,29.2
Wanaparthy,Telangana,24.6,23.5,75.3,58.5,5.9,7.4,22.5,25.5,8.9,27.5
Warangal Rural,Telangana,22.6,26.4,71.5,59.2,6.6,6.5,26.3,29.4,2.8,23.2
Warangal Urban,Telangana,16.8,32.0,67.0,57.8,7.7,7.9,24.5,32.7,1.5,14.0
Yadadri Bhuvanagiri,Telangana,19.4,24.6,65.3,54.3,6.1,6.9,24.8,32.3,5.6,22.2
Dhalai,Tripura,15.9,19.1,81.2,69.7,8.5,7.8,14.5,17.4,55.2,61.3
Gomati,Tripura,14.1,19.6,70.7,62.6,7.9,8.4,19.8,21.4,49.6,55.8
Khowai,Tripura,18.7,15.4,73.4,63.7,9.9,10.3,19.0,21.4,51.3,61.9
North Tripura,Tripura,18.6,16.8,52.5,69.6,10.6,12.8,18.8,19.3,52.5,64.0
Sepahijala,Tripura,13.9,24.2,72.1,69.8,8.7,10.0,19.3,19.9,47.6,50.4
South Tripura,Tripura,16.8,22.8,59.6,66.8,8.3,9.7,22.4,24.2,51.0,54.3
Unakoti,Tripura,26.0,16.6,62.8,67.4,8.6,11.0,21.0,22.1,54.9,59.7
West Tripura,Tripura,13.7,26.8,54.5,67.6,8.4,7.9,25.1,27.1,47.7,55.2
Saharanpur,Uttar Pradesh,12.8,16.4,68.1,41.8,4.8,8.7,23.0,24.3,2.4,30.7
Bijnor,Uttar Pradesh,17.0,28.0,60.9,45.9,4.1,6.2,19.7,24.3,3.6,36.5
Rampur,Uttar Pradesh,13.6,20.6,69.6,55.7,6.6,7.5,17.7,21.0,4.9,36.1
Jyotiba Phule Nagar,Uttar Pradesh,16.0,19.7,69.6,47.9,2.8,6.9,19.1,24.6,4.4,38.9
Meerut,Uttar Pradesh,12.8,38.5,55.2,45.5,5.8,7.3,20.0,26.2,2.6,24.4
Baghpat,Uttar Pradesh,14.9,34.5,60.2,52.6,5.8,6.0,21.4,25.5,4.7,31.8
Gautam Buddha Nagar,Uttar Pradesh,15.0,34.7,62.9,59.3,6.9,6.8,16.4,20.9,3.0,29.7
Bulandshahr,Uttar Pradesh,15.8,32.2,64.1,51.5,6.7,6.9,21.2,26.2,4.1,34.4
Aligarh,Uttar Pradesh,18.6,29.4,62.6,56.4,7.4,7.8,18.2,22.0,5.1,37.0
Mahamaya Nagar,Uttar Pradesh,15.9,23.8,72.1,58.1,3.6,5.2,22.4,26.4,8.0,43.3
Mathura,Uttar Pradesh,18.1,25.4,77.2,63.5,3.9,4.8,21.1,25.4,9.3,42.9
Agra,Uttar Pradesh,15.4,25.2,73.0,59.4,3.7,4.3,16.8,20.9,8.9,46.1
Firozabad,Uttar Pradesh,18.8,24.3,73.9,57.7,4.5,5.5,18.1,20.5,5.2,45.6
Mainpuri,Uttar Pradesh,15.3,21.7,70.4,58.2,4.4,6.3,14.4,17.9,2.9,41.3
Bareilly,Uttar Pradesh,18.2,25.0,67.7,61.3,3.6,5.7,16.4,17.6,5.5,39.3
Pilibhit,Uttar Pradesh,16.4,21.4,57.3,52.6,5.0,6.4,19.5,17.5,4.9,38.2
Shahjahanpur,Uttar Pradesh,17.8,17.2,75.4,60.6,4.5,3.9,16.1,14.5,6.6,49.0
Kheri,Uttar Pradesh,30.9,16.4,66.3,52.8,4.0,4.7,20.1,22.4,14.8,55.2
Sitapur,Uttar Pradesh,30.1,15.4,66.4,55.2,3.7,4.5,17.8,23.0,13.8,59.7
Hardoi,Uttar Pradesh,22.9,13.6,76.1,59.5,4.1,5.8,18.1,19.9,6.5,52.1
Unnao,Uttar Pradesh,22.6,20.6,76.0,49.6,4.4,4.4,22.0,21.4,9.5,50.9
Lucknow,Uttar Pradesh,15.7,34.8,52.9,55.9,6.1,5.6,21.2,22.8,7.7,39.2
Farrukhabad,Uttar Pradesh,18.3,15.7,77.1,57.5,3.3,3.9,13.8,14.8,6.4,49.0
Kannauj,Uttar Pradesh,20.5,18.8,79.6,65.2,3.1,2.8,14.9,14.4,8.7,50.9
Etawah,Uttar Pradesh,16.0,23.7,74.0,57.6,4.9,5.2,16.7,19.7,5.2,45.5
Auraiya,Uttar Pradesh,18.8,19.3,64.2,39.0,3.0,3.7,20.0,22.1,9.3,46.8
Kanpur Dehat,Uttar Pradesh,17.1,19.6,69.2,54.6,4.2,5.1,12.6,16.5,10.2,50.5
Kanpur Nagar,Uttar Pradesh,13.8,25.2,76.3,57.4,5.1,3.9,17.3,16.2,9.5,46.8
Jalaun,Uttar Pradesh,22.2,14.6,55.2,44.0,2.6,2.8,16.8,20.0,13.4,49.9
Jhansi,Uttar Pradesh,18.7,12.6,70.3,41.5,2.8,5.7,15.7,17.3,10.1,49.5
Lalitpur,Uttar Pradesh,22.4,13.2,56.0,37.5,2.6,3.8,17.2,17.9,5.5,54.5
Hamirpur,Uttar Pradesh,22.5,9.3,68.5,46.4,2.6,4.4,16.7,18.8,17.0,64.5
Mahoba,Uttar Pradesh,28.0,10.6,70.1,49.5,3.4,3.1,15.0,15.7,13.2,63.3
Banda,Uttar Pradesh,25.7,13.5,82.2,52.3,6.6,6.7,20.1,18.9,19.7,63.3
Chitrakoot,Uttar Pradesh,24.1,14.5,55.3,46.7,1.6,3.8,15.1,16.4,12.7,59.6
Fatehpur,Uttar Pradesh,24.7,15.8,78.1,63.7,2.5,4.2,17.0,18.0,20.8,60.8
Pratapgarh,Uttar Pradesh,19.6,25.0,58.0,49.9,6.9,8.2,17.6,22.3,11.9,41.4
Kaushambi,Uttar Pradesh,24.1,17.3,65.5,54.6,6.7,7.2,9.4,10.0,14.9,53.6
Allahabad,Uttar Pradesh,17.3,25.5,50.5,46.5,6.3,7.7,12.6,17.7,11.9,44.6
Bara Banki,Uttar Pradesh,26.0,17.1,65.5,55.0,3.2,5.2,19.1,22.7,11.2,50.2
Faizabad,Uttar Pradesh,20.0,24.5,57.7,52.7,7.9,10.6,14.9,17.7,8.7,41.2
Ambedkar Nagar,Uttar Pradesh,26.7,20.3,54.9,52.9,7.2,8.5,17.2,22.0,12.8,52.9
Bahraich,Uttar Pradesh,29.9,12.5,71.7,48.8,2.1,4.8,24.2,28.7,26.6,59.0
Shrawasti,Uttar Pradesh,22.8,13.7,61.2,44.6,3.9,4.6,18.4,18.7,24.2,64.2
Balrampur,Uttar Pradesh,22.2,14.8,75.4,54.8,3.3,4.2,23.2,25.3,23.6,59.8
Gonda,Uttar Pradesh,24.6,17.5,62.0,49.3,3.6,3.2,22.9,28.6,18.0,51.6
Siddharthnagar,Uttar Pradesh,25.8,12.9,75.8,51.4,4.0,5.5,19.1,23.5,14.6,54.9
Basti,Uttar Pradesh,20.0,16.8,58.4,40.3,4.3,5.9,19.2,25.0,10.2,51.3
Sant Kabir Nagar,Uttar Pradesh,19.3,15.9,71.6,43.8,4.5,5.1,22.5,28.2,9.9,51.9
Mahrajganj,Uttar Pradesh,17.9,19.9,60.5,47.3,6.0,6.9,19.6,24.9,5.9,47.8
Gorakhpur,Uttar Pradesh,18.0,21.1,67.4,53.4,6.9,6.3,16.8,20.7,5.4,44.6
Kushinagar,Uttar Pradesh,19.0,20.2,52.8,42.7,4.9,6.2,16.4,21.9,4.3,45.1
Deoria,Uttar Pradesh,16.8,19.3,54.9,34.2,4.2,6.3,17.6,21.0,2.3,36.9
Azamgarh,Uttar Pradesh,22.1,21.5,58.9,54.2,6.8,6.8,19.4,28.7,9.4,44.1
Mau,Uttar Pradesh,16.5,20.2,62.7,44.5,4.8,5.8,23.9,29.9,6.4,39.3
Ballia,Uttar Pradesh,16.8,16.6,71.6,53.0,5.0,6.3,17.1,20.7,2.2,35.6
Jaunpur,Uttar Pradesh,17.5,15.7,65.3,34.1,3.5,4.9,16.0,19.7,5.8,43.8
Ghazipur,Uttar Pradesh,19.4,14.3,71.6,46.2,4.9,7.8,14.2,20.3,4.4,37.7
Chandauli,Uttar Pradesh,21.4,23.1,64.6,48.5,5.2,6.5,18.9,23.6,7.1,44.8
Varanasi,Uttar Pradesh,15.7,22.6,65.2,38.2,4.3,7.2,19.0,27.1,5.5,38.4
Sant Ravidas Nagar (Bhadohi),Uttar Pradesh,15.8,26.5,59.2,43.2,4.3,5.3,14.9,23.0,7.4,36.5
Mirzapur,Uttar Pradesh,20.9,22.3,59.8,42.3,3.8,5.4,21.7,29.0,5.4,42.2
Sonbhadra,Uttar Pradesh,20.9,15.3,63.0,44.2,5.1,5.8,19.0,21.4,5.8,54.1
Etah,Uttar Pradesh,18.7,20.4,77.4,56.0,3.7,4.8,16.4,19.2,5.0,46.0
Kanshiram Nagar,Uttar Pradesh,17.7,20.7,80.8,66.1,3.6,6.4,16.5,19.5,6.9,44.7
Amethi,Uttar Pradesh,21.0,23.5,52.4,46.6,5.9,5.7,19.2,21.2,11.5,49.3
Budaun,Uttar Pradesh,19.4,15.2,72.2,56.2,5.0,6.8,13.0,13.8,7.1,41.9
Ghaziabad,Uttar Pradesh,11.1,43.7,61.8,55.9,7.8,8.0,19.3,24.5,1.7,22.3
Hapur,Uttar Pradesh,9.4,32.4,69.4,51.7,4.1,4.9,22.9,25.7,2.4,30.8
Moradabad,Uttar Pradesh,13.4,17.0,67.6,45.5,5.2,8.1,21.3,25.6,3.6,32.6
Muzaffarnagar,Uttar Pradesh,11.1,28.1,65.4,46.2,5.5,8.5,21.6,24.2,3.7,31.7
Rae Bareli,Uttar Pradesh,18.5,18.7,76.4,48.3,3.9,3.1,19.4,17.9,11.8,50.4
Sambhal,Uttar Pradesh,16.1,19.6,69.8,51.1,3.5,4.8,19.3,22.7,4.9,40.3
Shamli,Uttar Pradesh,9.8,22.6,65.2,42.4,4.6,7.4,21.2,28.6,3.7,30.6
Sultanpur,Uttar Pradesh,20.8,22.9,62.3,49.5,5.6,7.8,20.6,24.3,14.2,47.5
Uttarkashi,Uttarakhand,12.9,21.5,73.6,60.8,4.5,4.4,19.0,24.4,2.5,35.1
Chamoli,Uttarakhand,9.6,24.2,65.5,41.8,3.4,3.6,19.7,28.5,2.2,38.4
Rudraprayag,Uttarakhand,8.8,25.3,52.4,40.7,5.7,6.7,18.7,31.7,2.0,41.0
Tehri Garhwal,Uttarakhand,12.7,20.9,61.7,41.9,3.7,4.6,20.0,34.0,3.8,41.1
Dehradun,Uttarakhand,13.1,39.8,59.5,47.9,4.5,5.8,23.7,31.9,2.4,25.6
Garhwal,Uttarakhand,16.1,21.0,57.2,40.8,4.4,5.4,22.1,34.3,6.4,42.9
Pithoragarh,Uttarakhand,11.5,21.8,36.2,25.2,3.5,4.5,23.3,32.9,4.3,38.5
Bageshwar,Uttarakhand,17.2,17.6,43.7,27.8,3.8,4.6,20.2,34.9,7.7,43.7
Almora,Uttarakhand,15.6,19.5,57.7,34.0,5.3,6.9,24.6,33.2,5.5,44.3
Champawat,Uttarakhand,14.6,17.9,43.1,32.6,3.3,3.8,19.9,29.7,4.9,38.7
Nainital,Uttarakhand,12.7,33.3,59.8,34.6,4.6,6.3,24.0,30.4,5.2,34.8
Udham Singh Nagar,Uttarakhand,14.1,35.4,60.8,51.1,5.3,7.7,22.2,30.2,5.3,31.7
Hardwar,Uttarakhand,15.9,29.8,63.1,42.8,2.6,4.5,26.2,33.9,5.7,31.8
Darjiling,West Bengal,11.8,28.3,68.1,59.1,7.0,9.0,29.2,29.5,14.4,49.0
Jalpaiguri,West Bengal,15.8,16.7,67.4,72.2,7.9,9.5,21.2,23.7,19.0,54.2
Koch Bihar,West Bengal,18.1,16.5,66.4,74.9,8.3,9.6,21.7,20.8,22.3,56.1
Uttar Dinajpur,West Bengal,16.5,14.6,77.2,71.9,8.0,10.3,16.3,23.8,10.2,49.1
Dakshin Dinajpur,West Bengal,14.9,20.2,72.5,82.8,10.5,13.5,17.6,16.2,12.8,47.2
Maldah,West Bengal,15.7,22.0,71.0,73.8,8.0,10.1,19.3,17.8,8.4,45.2
Murshidabad,West Bengal,19.9,25.2,72.1,78.0,8.9,11.1,18.7,16.3,5.1,43.7
Birbhum,West Bengal,20.5,13.4,76.5,78.2,8.7,11.4,17.5,14.1,8.1,50.3
Nadia,West Bengal,8.3,28.6,63.6,73.8,11.1,11.9,21.2,16.0,6.8,47.7
North Twenty Four Pargana,West Bengal,6.5,26.4,57.9,65.4,9.7,12.9,19.0,17.1,7.0,49.8
Hugli,West Bengal,14.1,34.6,67.9,75.1,8.8,9.7,24.1,26.7,8.1,53.5
Bankura,West Bengal,28.0,13.0,67.1,77.3,8.1,11.4,21.0,20.3,21.5,47.7
Puruliya,West Bengal,33.7,9.6,77.9,76.9,10.1,10.8,17.5,20.4,26.7,51.2
Haora,West Bengal,10.3,22.8,67.7,65.6,9.5,10.8,24.0,26.8,6.0,44.7
Kolkata,West Bengal,6.6,29.0,72.3,58.4,10.6,9.4,23.9,23.8,6.0,42.4
South Twenty Four Pargana,West Bengal,9.9,21.2,70.4,62.1,7.2,9.8,21.5,19.1,6.3,49.8
Paschim Medinipur,West Bengal,18.9,19.1,66.0,82.0,9.3,9.9,19.3,19.0,18.8,50.5
Purba Medinipur,West Bengal,16.5,27.4,67.5,70.5,8.8,10.8,18.1,21.3,12.9,40.1
Paschim Barddhaman,West Bengal,18.4,20.4,74.7,66.5,8.5,12.2,17.6,20.7,11.8,40.2
